4d4b7104d754a06370d81259,Arts and Entertainment,,1
56aa371be4b08b9a8d5734db,Amphitheater,4d4b7104d754a06370d81259,2
4fceea171983d5d06c3e9823,Aquarium,4d4b7104d754a06370d81259,2
4bf58dd8d48988d1e1931735,Arcade,4d4b7104d754a06370d81259,2
4bf58dd8d48988d1e2931735,Art Gallery,4d4b7104d754a06370d81259,2
4bf58dd8d48988d1e4931735,Bowling Alley,4d4b7104d754a06370d81259,2
4bf58dd8d48988d17c941735,Casino,4d4b7104d754a06370d81259,2
52e81612bcbc57f1066b79e7,Circus,4d4b7104d754a06370d81259,2
4bf58dd8d48988d18e941735,Comedy Club,4d4b7104d754a06370d81259,2
5032792091d4c4b30a586d5c,Concert Hall,4d4b7104d754a06370d81259,2
52e81612bcbc57f1066b79ef,Country Dance Club,4d4b7104d754a06370d81259,2
52e81612bcbc57f1066b79e8,Disc Golf,4d4b7104d754a06370d81259,2
56aa371be4b08b9a8d573532,Exhibit,4d4b7104d754a06370d81259,2
4bf58dd8d48988d1f1931735,General Entertainment,4d4b7104d754a06370d81259,2
52e81612bcbc57f1066b79ea,Go Kart Track,4d4b7104d754a06370d81259,2
4deefb944765f83613cdba6e,Historic Site,4d4b7104d754a06370d81259,2
52e81612bcbc57f1066b79e6,Laser Tag,4d4b7104d754a06370d81259,2
5642206c498e4bfca532186c,Memorial Site,4d4b7104d754a06370d81259,2
52e81612bcbc57f1066b79eb,Mini Golf,4d4b7104d754a06370d81259,2
4bf58dd8d48988d17f941735,Movie Theater,4d4b7104d754a06370d81259,2
56aa371be4b08b9a8d5734de,Drive-in Theater,4bf58dd8d48988d17f941735,3
4bf58dd8d48988d17e941735,Indie Movie Theater,4bf58dd8d48988d17f941735,3
4bf58dd8d48988d180941735,Multiplex,4bf58dd8d48988d17f941735,3
4bf58dd8d48988d181941735,Museum,4d4b7104d754a06370d81259,2
4bf58dd8d48988d18f941735,Art Museum,4bf58dd8d48988d181941735,3
559acbe0498e472f1a53fa23,Erotic Museum,4bf58dd8d48988d181941735,3
4bf58dd8d48988d190941735,History Museum,4bf58dd8d48988d181941735,3
4bf58dd8d48988d192941735,Planetarium,4bf58dd8d48988d181941735,3
4bf58dd8d48988d191941735,Science Museum,4bf58dd8d48988d181941735,3
4bf58dd8d48988d1e5931735,Music Venue,4d4b7104d754a06370d81259,2
4bf58dd8d48988d1e7931735,Jazz Club,4bf58dd8d48988d1e5931735,3
4bf58dd8d48988d1e8931735,Piano Bar,4bf58dd8d48988d1e5931735,3
4bf58dd8d48988d1e9931735,Rock Club,4bf58dd8d48988d1e5931735,3
4bf58dd8d48988d1f2931735,Performing Arts Venue,4d4b7104d754a06370d81259,2
4bf58dd8d48988d134941735,Dance Studio,4bf58dd8d48988d1f2931735,3
4bf58dd8d48988d135941735,Indie Theater,4bf58dd8d48988d1f2931735,3
4bf58dd8d48988d136941735,Opera House,4bf58dd8d48988d1f2931735,3
4bf58dd8d48988d137941735,Theater,4bf58dd8d48988d1f2931735,3
4bf58dd8d48988d1e3931735,Pool Hall,4d4b7104d754a06370d81259,2
507c8c4091d498d9fc8c67a9,Public Art,4d4b7104d754a06370d81259,2
52e81612bcbc57f1066b79ed,Outdoor Sculpture,507c8c4091d498d9fc8c67a9,3
52e81612bcbc57f1066b79ee,Street Art,507c8c4091d498d9fc8c67a9,3
56aa371be4b08b9a8d573514,Racecourse,4d4b7104d754a06370d81259,2
4bf58dd8d48988d1f4931735,Racetrack,4d4b7104d754a06370d81259,2
52e81612bcbc57f1066b79e9,Roller Rink,4d4b7104d754a06370d81259,2
52e81612bcbc57f1066b79ec,Salsa Club,4d4b7104d754a06370d81259,2
56aa371be4b08b9a8d5734f9,Samba School,4d4b7104d754a06370d81259,2
4bf58dd8d48988d184941735,Stadium,4d4b7104d754a06370d81259,2
4bf58dd8d48988d18c941735,Baseball Stadium,4bf58dd8d48988d184941735,3
4bf58dd8d48988d18b941735,Basketball Stadium,4bf58dd8d48988d184941735,3
4bf58dd8d48988d18a941735,Cricket Ground,4bf58dd8d48988d184941735,3
4bf58dd8d48988d189941735,Football Stadium,4bf58dd8d48988d184941735,3
4bf58dd8d48988d185941735,Hockey Arena,4bf58dd8d48988d184941735,3
56aa371be4b08b9a8d573556,Rugby Stadium,4bf58dd8d48988d184941735,3
4bf58dd8d48988d188941735,Soccer Stadium,4bf58dd8d48988d184941735,3
4e39a891bd410d7aed40cbc2,Tennis Stadium,4bf58dd8d48988d184941735,3
4bf58dd8d48988d187941735,Track Stadium,4bf58dd8d48988d184941735,3
4bf58dd8d48988d182941735,Theme Park,4d4b7104d754a06370d81259,2
5109983191d435c0d71c2bb1,Theme Park Ride / Attraction,4bf58dd8d48988d182941735,3
56aa371be4b08b9a8d573520,Tour Provider,4d4b7104d754a06370d81259,2
4bf58dd8d48988d193941735,Water Park,4d4b7104d754a06370d81259,2
4bf58dd8d48988d17b941735,Zoo,4d4b7104d754a06370d81259,2
4d4b7105d754a06372d81259,College and University,,1
4bf58dd8d48988d198941735,College Academic Building,4d4b7105d754a06372d81259,2
4bf58dd8d48988d199941735,College Arts Building,4bf58dd8d48988d198941735,3
4bf58dd8d48988d19a941735,College Communications Building,4bf58dd8d48988d198941735,3
4bf58dd8d48988d19e941735,College Engineering Building,4bf58dd8d48988d198941735,3
4bf58dd8d48988d19d941735,College History Building,4bf58dd8d48988d198941735,3
4bf58dd8d48988d19c941735,College Math Building,4bf58dd8d48988d198941735,3
4bf58dd8d48988d19b941735,College Science Building,4bf58dd8d48988d198941735,3
4bf58dd8d48988d19f941735,College Technology Building,4bf58dd8d48988d198941735,3
4bf58dd8d48988d197941735,College Administrative Building,4d4b7105d754a06372d81259,2
4bf58dd8d48988d1af941735,College Auditorium,4d4b7105d754a06372d81259,2
4bf58dd8d48988d1b1941735,College Bookstore,4d4b7105d754a06372d81259,2
4bf58dd8d48988d1a1941735,College Cafeteria,4d4b7105d754a06372d81259,2
4bf58dd8d48988d1a0941735,College Classroom,4d4b7105d754a06372d81259,2
4bf58dd8d48988d1b2941735,College Gym,4d4b7105d754a06372d81259,2
4bf58dd8d48988d1a5941735,College Lab,4d4b7105d754a06372d81259,2
4bf58dd8d48988d1a7941735,College Library,4d4b7105d754a06372d81259,2
4bf58dd8d48988d1aa941735,College Quad,4d4b7105d754a06372d81259,2
4bf58dd8d48988d1a9941735,College Rec Center,4d4b7105d754a06372d81259,2
4bf58dd8d48988d1a3941735,College Residence Hall,4d4b7105d754a06372d81259,2
4bf58dd8d48988d1b4941735,College Stadium,4d4b7105d754a06372d81259,2
4bf58dd8d48988d1bb941735,College Baseball Diamond,4bf58dd8d48988d1b4941735,3
4bf58dd8d48988d1ba941735,College Basketball Court,4bf58dd8d48988d1b4941735,3
4bf58dd8d48988d1b9941735,College Cricket Pitch,4bf58dd8d48988d1b4941735,3
4bf58dd8d48988d1b8941735,College Football Field,4bf58dd8d48988d1b4941735,3
4bf58dd8d48988d1b5941735,College Hockey Rink,4bf58dd8d48988d1b4941735,3
4bf58dd8d48988d1b7941735,College Soccer Field,4bf58dd8d48988d1b4941735,3
4e39a9cebd410d7aed40cbc4,College Tennis Court,4bf58dd8d48988d1b4941735,3
4bf58dd8d48988d1b6941735,College Track,4bf58dd8d48988d1b4941735,3
4bf58dd8d48988d1ac941735,College Theater,4d4b7105d754a06372d81259,2
4bf58dd8d48988d1a2941735,Community College,4d4b7105d754a06372d81259,2
4bf58dd8d48988d1b0941735,Fraternity House,4d4b7105d754a06372d81259,2
4bf58dd8d48988d1a8941735,General College and University,4d4b7105d754a06372d81259,2
4bf58dd8d48988d1a6941735,Law School,4d4b7105d754a06372d81259,2
4bf58dd8d48988d1b3941735,Medical School,4d4b7105d754a06372d81259,2
4bf58dd8d48988d141941735,Sorority House,4d4b7105d754a06372d81259,2
4bf58dd8d48988d1ab941735,Student Center,4d4b7105d754a06372d81259,2
4bf58dd8d48988d1ad941735,Trade School,4d4b7105d754a06372d81259,2
4bf58dd8d48988d1ae941735,University,4d4b7105d754a06372d81259,2
4d4b7105d754a06373d81259,Event,,1
52f2ab2ebcbc57f1066b8b3b,Christmas Market,4d4b7105d754a06373d81259,2
5267e4d9e4b0ec79466e48c6,Conference,4d4b7105d754a06373d81259,2
5267e4d9e4b0ec79466e48c9,Convention,4d4b7105d754a06373d81259,2
5267e4d9e4b0ec79466e48c7,Festival,4d4b7105d754a06373d81259,2
5267e4d9e4b0ec79466e48d1,Music Festival,4d4b7105d754a06373d81259,2
5267e4d9e4b0ec79466e48c8,Other Event,4d4b7105d754a06373d81259,2
52741d85e4b0d5d1e3c6a6d9,Parade,4d4b7105d754a06373d81259,2
52f2ab2ebcbc57f1066b8b54,Stoop Sale,4d4b7105d754a06373d81259,2
5267e4d8e4b0ec79466e48c5,Street Fair,4d4b7105d754a06373d81259,2
4d4b7105d754a06374d81259,Food,,1
503288ae91d4c4b30a586d67,Afghan Restaurant,4d4b7105d754a06374d81259,2
4bf58dd8d48988d1c8941735,African Restaurant,4d4b7105d754a06374d81259,2
4bf58dd8d48988d10a941735,Ethiopian Restaurant,4bf58dd8d48988d1c8941735,3
4bf58dd8d48988d14e941735,American Restaurant,4d4b7105d754a06374d81259,2
4bf58dd8d48988d157941735,New American Restaurant,4bf58dd8d48988d14e941735,3
4bf58dd8d48988d142941735,Asian Restaurant,4d4b7105d754a06374d81259,2
56aa371be4b08b9a8d573568,Burmese Restaurant,4bf58dd8d48988d142941735,3
52e81612bcbc57f1066b7a03,Cambodian Restaurant,4bf58dd8d48988d142941735,3
4bf58dd8d48988d145941735,Chinese Restaurant,4bf58dd8d48988d142941735,3
52af3a5e3cf9994f4e043bea,Anhui Restaurant,4bf58dd8d48988d145941735,4
52af3a723cf9994f4e043bec,Beijing Restaurant,4bf58dd8d48988d145941735,4
52af3a7c3cf9994f4e043bed,Cantonese Restaurant,4bf58dd8d48988d145941735,4
52af3a673cf9994f4e043beb,Chinese Aristocrat Restaurant,4bf58dd8d48988d145941735,4
52af3a903cf9994f4e043bee,Chinese Breakfast Place,4bf58dd8d48988d145941735,4
4bf58dd8d48988d1f5931735,Dim Sum Restaurant,4bf58dd8d48988d145941735,4
52af3a9f3cf9994f4e043bef,Dongbei Restaurant,4bf58dd8d48988d145941735,4
52af3aaa3cf9994f4e043bf0,Fujian Restaurant,4bf58dd8d48988d145941735,4
52af3ab53cf9994f4e043bf1,Guizhou Restaurant,4bf58dd8d48988d145941735,4
52af3abe3cf9994f4e043bf2,Hainan Restaurant,4bf58dd8d48988d145941735,4
52af3ac83cf9994f4e043bf3,Hakka Restaurant,4bf58dd8d48988d145941735,4
52af3ad23cf9994f4e043bf4,Henan Restaurant,4bf58dd8d48988d145941735,4
52af3add3cf9994f4e043bf5,Hong Kong Restaurant,4bf58dd8d48988d145941735,4
52af3af23cf9994f4e043bf7,Huaiyang Restaurant,4bf58dd8d48988d145941735,4
52af3ae63cf9994f4e043bf6,Hubei Restaurant,4bf58dd8d48988d145941735,4
52af3afc3cf9994f4e043bf8,Hunan Restaurant,4bf58dd8d48988d145941735,4
52af3b053cf9994f4e043bf9,Imperial Restaurant,4bf58dd8d48988d145941735,4
52af3b213cf9994f4e043bfa,Jiangsu Restaurant,4bf58dd8d48988d145941735,4
52af3b293cf9994f4e043bfb,Jiangxi Restaurant,4bf58dd8d48988d145941735,4
52af3b343cf9994f4e043bfc,Macanese Restaurant,4bf58dd8d48988d145941735,4
52af3b3b3cf9994f4e043bfd,Manchu Restaurant,4bf58dd8d48988d145941735,4
52af3b463cf9994f4e043bfe,Peking Duck Restaurant,4bf58dd8d48988d145941735,4
52af3b633cf9994f4e043c01,Shaanxi Restaurant,4bf58dd8d48988d145941735,4
52af3b513cf9994f4e043bff,Shandong Restaurant,4bf58dd8d48988d145941735,4
52af3b593cf9994f4e043c00,Shanghai Restaurant,4bf58dd8d48988d145941735,4
52af3b6e3cf9994f4e043c02,Shanxi Restaurant,4bf58dd8d48988d145941735,4
52af3b773cf9994f4e043c03,Szechuan Restaurant,4bf58dd8d48988d145941735,4
52af3b813cf9994f4e043c04,Taiwanese Restaurant,4bf58dd8d48988d145941735,4
52af3b893cf9994f4e043c05,Tianjin Restaurant,4bf58dd8d48988d145941735,4
52af3b913cf9994f4e043c06,Xinjiang Restaurant,4bf58dd8d48988d145941735,4
52af3b9a3cf9994f4e043c07,Yunnan Restaurant,4bf58dd8d48988d145941735,4
52af3ba23cf9994f4e043c08,Zhejiang Restaurant,4bf58dd8d48988d145941735,4
4eb1bd1c3b7b55596b4a748f,Filipino Restaurant,4bf58dd8d48988d142941735,3
52e81612bcbc57f1066b79fb,Himalayan Restaurant,4bf58dd8d48988d142941735,3
52af0bd33cf9994f4e043bdd,Hotpot Restaurant,4bf58dd8d48988d142941735,3
4deefc054765f83613cdba6f,Indonesian Restaurant,4bf58dd8d48988d142941735,3
52960eda3cf9994f4e043ac9,Acehnese Restaurant,4deefc054765f83613cdba6f,4
52960eda3cf9994f4e043acb,Balinese Restaurant,4deefc054765f83613cdba6f,4
52960eda3cf9994f4e043aca,Betawinese Restaurant,4deefc054765f83613cdba6f,4
52960eda3cf9994f4e043acc,Indonesian Meatball Place,4deefc054765f83613cdba6f,4
52960eda3cf9994f4e043ac7,Javanese Restaurant,4deefc054765f83613cdba6f,4
52960eda3cf9994f4e043ac8,Manadonese Restaurant,4deefc054765f83613cdba6f,4
52960eda3cf9994f4e043ac5,Padangnese Restaurant,4deefc054765f83613cdba6f,4
52960eda3cf9994f4e043ac6,Sundanese Restaurant,4deefc054765f83613cdba6f,4
4bf58dd8d48988d111941735,Japanese Restaurant,4bf58dd8d48988d142941735,3
55a59bace4b013909087cb0c,Donburi Restaurant,4bf58dd8d48988d111941735,4
55a59bace4b013909087cb30,Japanese Curry Restaurant,4bf58dd8d48988d111941735,4
55a59bace4b013909087cb21,Kaiseki Restaurant,4bf58dd8d48988d111941735,4
55a59bace4b013909087cb06,Kushikatsu Restaurant,4bf58dd8d48988d111941735,4
55a59bace4b013909087cb1b,Monjayaki Restaurant,4bf58dd8d48988d111941735,4
55a59bace4b013909087cb1e,Nabe Restaurant,4bf58dd8d48988d111941735,4
55a59bace4b013909087cb18,Okonomiyaki Restaurant,4bf58dd8d48988d111941735,4
55a59bace4b013909087cb24,Ramen Restaurant,4bf58dd8d48988d111941735,4
55a59bace4b013909087cb15,Shabu-Shabu Restaurant,4bf58dd8d48988d111941735,4
55a59bace4b013909087cb27,Soba Restaurant,4bf58dd8d48988d111941735,4
55a59bace4b013909087cb12,Sukiyaki Restaurant,4bf58dd8d48988d111941735,4
4bf58dd8d48988d1d2941735,Sushi Restaurant,4bf58dd8d48988d111941735,4
55a59bace4b013909087cb2d,Takoyaki Place,4bf58dd8d48988d111941735,4
55a59a31e4b013909087cb00,Tempura Restaurant,4bf58dd8d48988d111941735,4
55a59af1e4b013909087cb03,Tonkatsu Restaurant,4bf58dd8d48988d111941735,4
55a59bace4b013909087cb2a,Udon Restaurant,4bf58dd8d48988d111941735,4
55a59bace4b013909087cb0f,Unagi Restaurant,4bf58dd8d48988d111941735,4
55a59bace4b013909087cb33,Wagashi Place,4bf58dd8d48988d111941735,4
55a59bace4b013909087cb09,Yakitori Restaurant,4bf58dd8d48988d111941735,4
55a59bace4b013909087cb36,Yoshoku Restaurant,4bf58dd8d48988d111941735,4
4bf58dd8d48988d113941735,Korean Restaurant,4bf58dd8d48988d142941735,3
56aa371be4b08b9a8d5734e4,Bossam/Jokbal Restaurant,4bf58dd8d48988d113941735,4
56aa371be4b08b9a8d5734f0,Bunsik Restaurant,4bf58dd8d48988d113941735,4
56aa371be4b08b9a8d5734e7,Gukbap Restaurant,4bf58dd8d48988d113941735,4
56aa371be4b08b9a8d5734ed,Janguh Restaurant,4bf58dd8d48988d113941735,4
56aa371be4b08b9a8d5734ea,Samgyetang Restaurant,4bf58dd8d48988d113941735,4
4bf58dd8d48988d156941735,Malaysian Restaurant,4bf58dd8d48988d142941735,3
4eb1d5724b900d56c88a45fe,Mongolian Restaurant,4bf58dd8d48988d142941735,3
4bf58dd8d48988d1d1941735,Noodle House,4bf58dd8d48988d142941735,3
56aa371be4b08b9a8d57350e,Satay Restaurant,4bf58dd8d48988d142941735,3
4bf58dd8d48988d149941735,Thai Restaurant,4bf58dd8d48988d142941735,3
56aa371be4b08b9a8d573502,Som Tum Restaurant,4bf58dd8d48988d149941735,4
52af39fb3cf9994f4e043be9,Tibetan Restaurant,4bf58dd8d48988d142941735,3
4bf58dd8d48988d14a941735,Vietnamese Restaurant,4bf58dd8d48988d142941735,3
4bf58dd8d48988d169941735,Australian Restaurant,4d4b7105d754a06374d81259,2
52e81612bcbc57f1066b7a01,Austrian Restaurant,4d4b7105d754a06374d81259,2
4bf58dd8d48988d1df931735,BBQ Joint,4d4b7105d754a06374d81259,2
4bf58dd8d48988d179941735,Bagel Shop,4d4b7105d754a06374d81259,2
4bf58dd8d48988d16a941735,Bakery,4d4b7105d754a06374d81259,2
52e81612bcbc57f1066b7a02,Belgian Restaurant,4d4b7105d754a06374d81259,2
52e81612bcbc57f1066b79f1,Bistro,4d4b7105d754a06374d81259,2
4bf58dd8d48988d16b941735,Brazilian Restaurant,4d4b7105d754a06374d81259,2
5294c7523cf9994f4e043a62,Acai House,4bf58dd8d48988d16b941735,3
52939ae13cf9994f4e043a3b,Baiano Restaurant,4bf58dd8d48988d16b941735,3
52939a9e3cf9994f4e043a36,Central Brazilian Restaurant,4bf58dd8d48988d16b941735,3
52939a643cf9994f4e043a33,Churrascaria,4bf58dd8d48988d16b941735,3
5294c55c3cf9994f4e043a61,Empada House,4bf58dd8d48988d16b941735,3
52939af83cf9994f4e043a3d,Goiano Restaurant,4bf58dd8d48988d16b941735,3
52939aed3cf9994f4e043a3c,Mineiro Restaurant,4bf58dd8d48988d16b941735,3
52939aae3cf9994f4e043a37,Northeastern Brazilian Restaurant,4bf58dd8d48988d16b941735,3
52939ab93cf9994f4e043a38,Northern Brazilian Restaurant,4bf58dd8d48988d16b941735,3
5294cbda3cf9994f4e043a63,Pastelaria,4bf58dd8d48988d16b941735,3
52939ac53cf9994f4e043a39,Southeastern Brazilian Restaurant,4bf58dd8d48988d16b941735,3
52939ad03cf9994f4e043a3a,Southern Brazilian Restaurant,4bf58dd8d48988d16b941735,3
52939a7d3cf9994f4e043a34,Tapiocaria,4bf58dd8d48988d16b941735,3
4bf58dd8d48988d143941735,Breakfast Spot,4d4b7105d754a06374d81259,2
52e81612bcbc57f1066b7a0c,Bubble Tea Shop,4d4b7105d754a06374d81259,2
52e81612bcbc57f1066b79f4,Buffet,4d4b7105d754a06374d81259,2
4bf58dd8d48988d16c941735,Burger Joint,4d4b7105d754a06374d81259,2
4bf58dd8d48988d128941735,Cafeteria,4d4b7105d754a06374d81259,2
4bf58dd8d48988d16d941735,Café,4d4b7105d754a06374d81259,2
4bf58dd8d48988d17a941735,Cajun / Creole Restaurant,4d4b7105d754a06374d81259,2
4bf58dd8d48988d144941735,Caribbean Restaurant,4d4b7105d754a06374d81259,2
5293a7d53cf9994f4e043a45,Caucasian Restaurant,4d4b7105d754a06374d81259,2
4bf58dd8d48988d1e0931735,Coffee Shop,4d4b7105d754a06374d81259,2
52e81612bcbc57f1066b7a00,Comfort Food Restaurant,4d4b7105d754a06374d81259,2
52e81612bcbc57f1066b79f2,Creperie,4d4b7105d754a06374d81259,2
52f2ae52bcbc57f1066b8b81,Czech Restaurant,4d4b7105d754a06374d81259,2
4bf58dd8d48988d146941735,Deli / Bodega,4d4b7105d754a06374d81259,2
4bf58dd8d48988d1d0941735,Dessert Shop,4d4b7105d754a06374d81259,2
4bf58dd8d48988d1bc941735,Cupcake Shop,4bf58dd8d48988d1d0941735,3
512e7cae91d4cbb4e5efe0af,Frozen Yogurt,4bf58dd8d48988d1d0941735,3
4bf58dd8d48988d1c9941735,Ice Cream Shop,4bf58dd8d48988d1d0941735,3
52e81612bcbc57f1066b7a0a,Pie Shop,4bf58dd8d48988d1d0941735,3
4bf58dd8d48988d147941735,Diner,4d4b7105d754a06374d81259,2
4bf58dd8d48988d148941735,Donut Shop,4d4b7105d754a06374d81259,2
4bf58dd8d48988d108941735,Dumpling Restaurant,4d4b7105d754a06374d81259,2
4bf58dd8d48988d109941735,Eastern European Restaurant,4d4b7105d754a06374d81259,2
52e928d0bcbc57f1066b7e97,Belarusian Restaurant,4bf58dd8d48988d109941735,3
56aa371be4b08b9a8d5734f3,Bulgarian Restaurant,4bf58dd8d48988d109941735,3
52960bac3cf9994f4e043ac4,Romanian Restaurant,4bf58dd8d48988d109941735,3
52e928d0bcbc57f1066b7e98,Tatar Restaurant,4bf58dd8d48988d109941735,3
52e81612bcbc57f1066b7a05,English Restaurant,4d4b7105d754a06374d81259,2
4bf58dd8d48988d10b941735,Falafel Restaurant,4d4b7105d754a06374d81259,2
4bf58dd8d48988d16e941735,Fast Food Restaurant,4d4b7105d754a06374d81259,2
4edd64a0c7ddd24ca188df1a,Fish and Chips Shop,4d4b7105d754a06374d81259,2
52e81612bcbc57f1066b7a09,Fondue Restaurant,4d4b7105d754a06374d81259,2
4bf58dd8d48988d120951735,Food Court,4d4b7105d754a06374d81259,2
56aa371be4b08b9a8d57350b,Food Stand,4d4b7105d754a06374d81259,2
4bf58dd8d48988d1cb941735,Food Truck,4d4b7105d754a06374d81259,2
4bf58dd8d48988d10c941735,French Restaurant,4d4b7105d754a06374d81259,2
4d4ae6fc7a7b7dea34424761,Fried Chicken Joint,4d4b7105d754a06374d81259,2
55d25775498e9f6a0816a37a,Friterie,4d4b7105d754a06374d81259,2
4bf58dd8d48988d155941735,Gastropub,4d4b7105d754a06374d81259,2
4bf58dd8d48988d10d941735,German Restaurant,4d4b7105d754a06374d81259,2
56aa371ce4b08b9a8d573583,Apple Wine Pub,4bf58dd8d48988d10d941735,3
56aa371ce4b08b9a8d573572,Bavarian Restaurant,4bf58dd8d48988d10d941735,3
56aa371ce4b08b9a8d57358e,Bratwurst Joint,4bf58dd8d48988d10d941735,3
56aa371ce4b08b9a8d57358b,Currywurst Joint,4bf58dd8d48988d10d941735,3
56aa371ce4b08b9a8d573574,Franconian Restaurant,4bf58dd8d48988d10d941735,3
56aa371ce4b08b9a8d573592,German Pop-Up Restaurant,4bf58dd8d48988d10d941735,3
56aa371ce4b08b9a8d573578,Palatine Restaurant,4bf58dd8d48988d10d941735,3
56aa371ce4b08b9a8d57357b,Rhenisch Restaurant,4bf58dd8d48988d10d941735,3
56aa371ce4b08b9a8d573587,Schnitzel Restaurant,4bf58dd8d48988d10d941735,3
56aa371ce4b08b9a8d57357f,Silesian Restaurant,4bf58dd8d48988d10d941735,3
56aa371ce4b08b9a8d573576,Swabian Restaurant,4bf58dd8d48988d10d941735,3
4c2cd86ed066bed06c3c5209,Gluten-free Restaurant,4d4b7105d754a06374d81259,2
4bf58dd8d48988d10e941735,Greek Restaurant,4d4b7105d754a06374d81259,2
53d6c1b0e4b02351e88a83e8,Bougatsa Shop,4bf58dd8d48988d10e941735,3
53d6c1b0e4b02351e88a83e2,Cretan Restaurant,4bf58dd8d48988d10e941735,3
53d6c1b0e4b02351e88a83d8,Fish Taverna,4bf58dd8d48988d10e941735,3
53d6c1b0e4b02351e88a83d6,Grilled Meat Restaurant,4bf58dd8d48988d10e941735,3
53d6c1b0e4b02351e88a83e6,Kafenio,4bf58dd8d48988d10e941735,3
53d6c1b0e4b02351e88a83e4,Magirio,4bf58dd8d48988d10e941735,3
53d6c1b0e4b02351e88a83da,Meze Restaurant,4bf58dd8d48988d10e941735,3
53d6c1b0e4b02351e88a83d4,Modern Greek Restaurant,4bf58dd8d48988d10e941735,3
53d6c1b0e4b02351e88a83dc,Ouzeri,4bf58dd8d48988d10e941735,3
53d6c1b0e4b02351e88a83e0,Patsa Restaurant,4bf58dd8d48988d10e941735,3
52e81612bcbc57f1066b79f3,Souvlaki Shop,4bf58dd8d48988d10e941735,3
53d6c1b0e4b02351e88a83d2,Taverna,4bf58dd8d48988d10e941735,3
53d6c1b0e4b02351e88a83de,Tsipouro Restaurant,4bf58dd8d48988d10e941735,3
52e81612bcbc57f1066b79ff,Halal Restaurant,4d4b7105d754a06374d81259,2
52e81612bcbc57f1066b79fe,Hawaiian Restaurant,4d4b7105d754a06374d81259,2
4bf58dd8d48988d16f941735,Hot Dog Joint,4d4b7105d754a06374d81259,2
52e81612bcbc57f1066b79fa,Hungarian Restaurant,4d4b7105d754a06374d81259,2
4bf58dd8d48988d10f941735,Indian Restaurant,4d4b7105d754a06374d81259,2
54135bf5e4b08f3d2429dfe5,Andhra Restaurant,4bf58dd8d48988d10f941735,3
54135bf5e4b08f3d2429dff3,Awadhi Restaurant,4bf58dd8d48988d10f941735,3
54135bf5e4b08f3d2429dff5,Bengali Restaurant,4bf58dd8d48988d10f941735,3
54135bf5e4b08f3d2429dfe2,Chaat Place,4bf58dd8d48988d10f941735,3
54135bf5e4b08f3d2429dff2,Chettinad Restaurant,4bf58dd8d48988d10f941735,3
54135bf5e4b08f3d2429dfe1,Dhaba,4bf58dd8d48988d10f941735,3
54135bf5e4b08f3d2429dfe3,Dosa Place,4bf58dd8d48988d10f941735,3
54135bf5e4b08f3d2429dfe8,Goan Restaurant,4bf58dd8d48988d10f941735,3
54135bf5e4b08f3d2429dfe9,Gujarati Restaurant,4bf58dd8d48988d10f941735,3
54135bf5e4b08f3d2429dfe6,Hyderabadi Restaurant,4bf58dd8d48988d10f941735,3
54135bf5e4b08f3d2429dfdf,Indian Chinese Restaurant,4bf58dd8d48988d10f941735,3
54135bf5e4b08f3d2429dfe4,Indian Sweet Shop,4bf58dd8d48988d10f941735,3
54135bf5e4b08f3d2429dfe7,Irani Cafe,4bf58dd8d48988d10f941735,3
54135bf5e4b08f3d2429dfea,Jain Restaurant,4bf58dd8d48988d10f941735,3
54135bf5e4b08f3d2429dfeb,Karnataka Restaurant,4bf58dd8d48988d10f941735,3
54135bf5e4b08f3d2429dfed,Kerala Restaurant,4bf58dd8d48988d10f941735,3
54135bf5e4b08f3d2429dfee,Maharashtrian Restaurant,4bf58dd8d48988d10f941735,3
54135bf5e4b08f3d2429dff4,Mughlai Restaurant,4bf58dd8d48988d10f941735,3
54135bf5e4b08f3d2429dfe0,Multicuisine Indian Restaurant,4bf58dd8d48988d10f941735,3
54135bf5e4b08f3d2429dfdd,North Indian Restaurant,4bf58dd8d48988d10f941735,3
54135bf5e4b08f3d2429dff6,Northeast Indian Restaurant,4bf58dd8d48988d10f941735,3
54135bf5e4b08f3d2429dfef,Parsi Restaurant,4bf58dd8d48988d10f941735,3
54135bf5e4b08f3d2429dff0,Punjabi Restaurant,4bf58dd8d48988d10f941735,3
54135bf5e4b08f3d2429dff1,Rajasthani Restaurant,4bf58dd8d48988d10f941735,3
54135bf5e4b08f3d2429dfde,South Indian Restaurant,4bf58dd8d48988d10f941735,3
54135bf5e4b08f3d2429dfec,Udupi Restaurant,4bf58dd8d48988d10f941735,3
52e81612bcbc57f1066b7a06,Irish Pub,4d4b7105d754a06374d81259,2
4bf58dd8d48988d110941735,Italian Restaurant,4d4b7105d754a06374d81259,2
55a5a1ebe4b013909087cbb6,Abruzzo Restaurant,4bf58dd8d48988d110941735,3
55a5a1ebe4b013909087cb7c,Agriturismo,4bf58dd8d48988d110941735,3
55a5a1ebe4b013909087cba7,Aosta Restaurant,4bf58dd8d48988d110941735,3
55a5a1ebe4b013909087cba1,Basilicata Restaurant,4bf58dd8d48988d110941735,3
55a5a1ebe4b013909087cba4,Calabria Restaurant,4bf58dd8d48988d110941735,3
55a5a1ebe4b013909087cb95,Campanian Restaurant,4bf58dd8d48988d110941735,3
55a5a1ebe4b013909087cb89,Emilia Restaurant,4bf58dd8d48988d110941735,3
55a5a1ebe4b013909087cb9b,Friuli Restaurant,4bf58dd8d48988d110941735,3
55a5a1ebe4b013909087cb98,Ligurian Restaurant,4bf58dd8d48988d110941735,3
55a5a1ebe4b013909087cbbf,Lombard Restaurant,4bf58dd8d48988d110941735,3
55a5a1ebe4b013909087cb79,Malga,4bf58dd8d48988d110941735,3
55a5a1ebe4b013909087cbb0,Marche Restaurant,4bf58dd8d48988d110941735,3
55a5a1ebe4b013909087cbb3,Molise Restaurant,4bf58dd8d48988d110941735,3
55a5a1ebe4b013909087cb74,Piadineria,4bf58dd8d48988d110941735,3
55a5a1ebe4b013909087cbaa,Piedmontese Restaurant,4bf58dd8d48988d110941735,3
55a5a1ebe4b013909087cb83,Puglia Restaurant,4bf58dd8d48988d110941735,3
55a5a1ebe4b013909087cb77,Rifugio di Montagna,4bf58dd8d48988d110941735,3
55a5a1ebe4b013909087cb8c,Romagna Restaurant,4bf58dd8d48988d110941735,3
55a5a1ebe4b013909087cb92,Roman Restaurant,4bf58dd8d48988d110941735,3
55a5a1ebe4b013909087cb8f,Sardinian Restaurant,4bf58dd8d48988d110941735,3
55a5a1ebe4b013909087cb86,Sicilian Restaurant,4bf58dd8d48988d110941735,3
55a5a1ebe4b013909087cbb9,South Tyrolean Restaurant,4bf58dd8d48988d110941735,3
55a5a1ebe4b013909087cb7f,Trattoria/Osteria,4bf58dd8d48988d110941735,3
55a5a1ebe4b013909087cbbc,Trentino Restaurant,4bf58dd8d48988d110941735,3
55a5a1ebe4b013909087cb9e,Tuscan Restaurant,4bf58dd8d48988d110941735,3
55a5a1ebe4b013909087cbc2,Umbrian Restaurant,4bf58dd8d48988d110941735,3
55a5a1ebe4b013909087cbad,Veneto Restaurant,4bf58dd8d48988d110941735,3
52e81612bcbc57f1066b79fd,Jewish Restaurant,4d4b7105d754a06374d81259,2
52e81612bcbc57f1066b79fc,Kosher Restaurant,52e81612bcbc57f1066b79fd,3
4bf58dd8d48988d112941735,Juice Bar,4d4b7105d754a06374d81259,2
4bf58dd8d48988d1be941735,Latin American Restaurant,4d4b7105d754a06374d81259,2
4bf58dd8d48988d152941735,Arepa Restaurant,4bf58dd8d48988d1be941735,3
4bf58dd8d48988d154941735,Cuban Restaurant,4bf58dd8d48988d1be941735,3
52939a8c3cf9994f4e043a35,Empanada Restaurant,4bf58dd8d48988d1be941735,3
4bf58dd8d48988d1bf941735,Mac and Cheese Joint,4d4b7105d754a06374d81259,2
4bf58dd8d48988d1c0941735,Mediterranean Restaurant,4d4b7105d754a06374d81259,2
4bf58dd8d48988d1c3941735,Moroccan Restaurant,4bf58dd8d48988d1c0941735,3
4bf58dd8d48988d1c1941735,Mexican Restaurant,4d4b7105d754a06374d81259,2
4bf58dd8d48988d153941735,Burrito Place,4bf58dd8d48988d1c1941735,3
4bf58dd8d48988d151941735,Taco Place,4bf58dd8d48988d1c1941735,3
56aa371ae4b08b9a8d5734ba,Tex-Mex Restaurant,4bf58dd8d48988d1c1941735,3
4bf58dd8d48988d115941735,Middle Eastern Restaurant,4d4b7105d754a06374d81259,2
56aa371be4b08b9a8d573529,Israeli Restaurant,4bf58dd8d48988d115941735,3
52e81612bcbc57f1066b79f7,Persian Restaurant,4bf58dd8d48988d115941735,3
52e81612bcbc57f1066b79f9,Modern European Restaurant,4d4b7105d754a06374d81259,2
4bf58dd8d48988d1c2941735,Molecular Gastronomy Restaurant,4d4b7105d754a06374d81259,2
52e81612bcbc57f1066b79f8,Pakistani Restaurant,4d4b7105d754a06374d81259,2
56aa371be4b08b9a8d573508,Pet Café,4d4b7105d754a06374d81259,2
4bf58dd8d48988d1ca941735,Pizza Place,4d4b7105d754a06374d81259,2
52e81612bcbc57f1066b7a04,Polish Restaurant,4d4b7105d754a06374d81259,2
4def73e84765ae376e57713a,Portuguese Restaurant,4d4b7105d754a06374d81259,2
56aa371be4b08b9a8d5734c7,Poutine Place,4d4b7105d754a06374d81259,2
4bf58dd8d48988d1c4941735,Restaurant,4d4b7105d754a06374d81259,2
5293a7563cf9994f4e043a44,Russian Restaurant,4d4b7105d754a06374d81259,2
52e928d0bcbc57f1066b7e9d,Blini House,5293a7563cf9994f4e043a44,3
52e928d0bcbc57f1066b7e9c,Pelmeni House,5293a7563cf9994f4e043a44,3
4bf58dd8d48988d1bd941735,Salad Place,4d4b7105d754a06374d81259,2
4bf58dd8d48988d1c5941735,Sandwich Place,4d4b7105d754a06374d81259,2
4bf58dd8d48988d1c6941735,Scandinavian Restaurant,4d4b7105d754a06374d81259,2
4bf58dd8d48988d1ce941735,Seafood Restaurant,4d4b7105d754a06374d81259,2
56aa371be4b08b9a8d57355a,Slovak Restaurant,4d4b7105d754a06374d81259,2
4bf58dd8d48988d1c7941735,Snack Place,4d4b7105d754a06374d81259,2
4bf58dd8d48988d1dd931735,Soup Place,4d4b7105d754a06374d81259,2
4bf58dd8d48988d1cd941735,South American Restaurant,4d4b7105d754a06374d81259,2
4bf58dd8d48988d107941735,Argentinian Restaurant,4bf58dd8d48988d1cd941735,3
4eb1bfa43b7b52c0e1adc2e8,Peruvian Restaurant,4bf58dd8d48988d1cd941735,3
56aa371be4b08b9a8d573558,Venezuelan Restaurant,4bf58dd8d48988d1cd941735,3
4bf58dd8d48988d14f941735,Southern / Soul Food Restaurant,4d4b7105d754a06374d81259,2
4bf58dd8d48988d150941735,Spanish Restaurant,4d4b7105d754a06374d81259,2
4bf58dd8d48988d14d941735,Paella Restaurant,4bf58dd8d48988d150941735,3
4bf58dd8d48988d1db931735,Tapas Restaurant,4bf58dd8d48988d150941735,3
5413605de4b0ae91d18581a9,Sri Lankan Restaurant,4d4b7105d754a06374d81259,2
4bf58dd8d48988d1cc941735,Steakhouse,4d4b7105d754a06374d81259,2
4bf58dd8d48988d158941735,Swiss Restaurant,4d4b7105d754a06374d81259,2
4bf58dd8d48988d1dc931735,Tea Room,4d4b7105d754a06374d81259,2
56aa371be4b08b9a8d573538,Theme Restaurant,4d4b7105d754a06374d81259,2
4f04af1f2fb6e1c99f3db0bb,Turkish Restaurant,4d4b7105d754a06374d81259,2
530faca9bcbc57f1066bc2f3,Borek Place,4f04af1f2fb6e1c99f3db0bb,3
530faca9bcbc57f1066bc2f4,Cigkofte Place,4f04af1f2fb6e1c99f3db0bb,3
5283c7b4e4b094cb91ec88d8,Doner Restaurant,4f04af1f2fb6e1c99f3db0bb,3
5283c7b4e4b094cb91ec88d9,Gozleme Place,4f04af1f2fb6e1c99f3db0bb,3
5283c7b4e4b094cb91ec88d7,Kebab Restaurant,4f04af1f2fb6e1c99f3db0bb,3
5283c7b4e4b094cb91ec88db,Kofte Place,4f04af1f2fb6e1c99f3db0bb,3
5283c7b4e4b094cb91ec88d6,Kokoreç Restaurant,4f04af1f2fb6e1c99f3db0bb,3
56aa371be4b08b9a8d573535,Kumpir Restaurant,4f04af1f2fb6e1c99f3db0bb,3
56aa371be4b08b9a8d5734bd,Kumru Restaurant,4f04af1f2fb6e1c99f3db0bb,3
5283c7b4e4b094cb91ec88d5,Manti Place,4f04af1f2fb6e1c99f3db0bb,3
5283c7b4e4b094cb91ec88da,Meyhane,4f04af1f2fb6e1c99f3db0bb,3
530faca9bcbc57f1066bc2f2,Pide Place,4f04af1f2fb6e1c99f3db0bb,3
56aa371be4b08b9a8d5734bf,Tantuni Restaurant,4f04af1f2fb6e1c99f3db0bb,3
56aa371be4b08b9a8d5734c1,Turkish Coffeehouse,4f04af1f2fb6e1c99f3db0bb,3
5283c7b4e4b094cb91ec88d4,Turkish Home Cooking Restaurant,4f04af1f2fb6e1c99f3db0bb,3
52e928d0bcbc57f1066b7e96,Ukrainian Restaurant,4d4b7105d754a06374d81259,2
52e928d0bcbc57f1066b7e9a,Varenyky restaurant,52e928d0bcbc57f1066b7e96,3
52e928d0bcbc57f1066b7e9b,West-Ukrainian Restaurant,52e928d0bcbc57f1066b7e96,3
4bf58dd8d48988d1d3941735,Vegetarian / Vegan Restaurant,4d4b7105d754a06374d81259,2
4bf58dd8d48988d14c941735,Wings Joint,4d4b7105d754a06374d81259,2
4d4b7105d754a06376d81259,Nightlife Spot,,1
4bf58dd8d48988d116941735,Bar,4d4b7105d754a06376d81259,2
52e81612bcbc57f1066b7a0d,Beach Bar,4bf58dd8d48988d116941735,3
56aa371ce4b08b9a8d57356c,Beer Bar,4bf58dd8d48988d116941735,3
4bf58dd8d48988d117941735,Beer Garden,4bf58dd8d48988d116941735,3
52e81612bcbc57f1066b7a0e,Champagne Bar,4bf58dd8d48988d116941735,3
4bf58dd8d48988d11e941735,Cocktail Bar,4bf58dd8d48988d116941735,3
4bf58dd8d48988d118941735,Dive Bar,4bf58dd8d48988d116941735,3
4bf58dd8d48988d1d8941735,Gay Bar,4bf58dd8d48988d116941735,3
4bf58dd8d48988d119941735,Hookah Bar,4bf58dd8d48988d116941735,3
4bf58dd8d48988d1d5941735,Hotel Bar,4bf58dd8d48988d116941735,3
4bf58dd8d48988d120941735,Karaoke Bar,4bf58dd8d48988d116941735,3
4bf58dd8d48988d11b941735,Pub,4bf58dd8d48988d116941735,3
4bf58dd8d48988d11c941735,Sake Bar,4bf58dd8d48988d116941735,3
4bf58dd8d48988d11d941735,Sports Bar,4bf58dd8d48988d116941735,3
56aa371be4b08b9a8d57354d,Tiki Bar,4bf58dd8d48988d116941735,3
4bf58dd8d48988d122941735,Whisky Bar,4bf58dd8d48988d116941735,3
4bf58dd8d48988d123941735,Wine Bar,4bf58dd8d48988d116941735,3
50327c8591d4c4b30a586d5d,Brewery,4d4b7105d754a06376d81259,2
4bf58dd8d48988d121941735,Lounge,4d4b7105d754a06376d81259,2
53e510b7498ebcb1801b55d4,Night Market,4d4b7105d754a06376d81259,2
4bf58dd8d48988d11f941735,Nightclub,4d4b7105d754a06376d81259,2
4bf58dd8d48988d11a941735,Other Nightlife,4d4b7105d754a06376d81259,2
4bf58dd8d48988d1d4941735,Speakeasy,4d4b7105d754a06376d81259,2
4bf58dd8d48988d1d6941735,Strip Club,4d4b7105d754a06376d81259,2
4d4b7105d754a06377d81259,Outdoors and Recreation,,1
4f4528bc4b90abdf24c9de85,Athletics and Sports,4d4b7105d754a06377d81259,2
52e81612bcbc57f1066b7a2b,Badminton Court,4f4528bc4b90abdf24c9de85,3
4bf58dd8d48988d1e8941735,Baseball Field,4f4528bc4b90abdf24c9de85,3
4bf58dd8d48988d1e1941735,Basketball Court,4f4528bc4b90abdf24c9de85,3
52e81612bcbc57f1066b7a2f,Bowling Green,4f4528bc4b90abdf24c9de85,3
56aa371be4b08b9a8d57351a,Curling Ice,4f4528bc4b90abdf24c9de85,3
4bf58dd8d48988d1e6941735,Golf Course,4f4528bc4b90abdf24c9de85,3
4bf58dd8d48988d175941735,Gym / Fitness Center,4f4528bc4b90abdf24c9de85,3
52f2ab2ebcbc57f1066b8b47,Boxing Gym,4bf58dd8d48988d175941735,4
503289d391d4c4b30a586d6a,Climbing Gym,4bf58dd8d48988d175941735,4
52f2ab2ebcbc57f1066b8b49,Cycle Studio,4bf58dd8d48988d175941735,4
4bf58dd8d48988d105941735,Gym Pool,4bf58dd8d48988d175941735,4
52f2ab2ebcbc57f1066b8b48,Gymnastics Gym,4bf58dd8d48988d175941735,4
4bf58dd8d48988d176941735,Gym,4bf58dd8d48988d175941735,4
4bf58dd8d48988d101941735,Martial Arts Dojo,4bf58dd8d48988d175941735,4
4bf58dd8d48988d106941735,Track,4bf58dd8d48988d175941735,4
4bf58dd8d48988d102941735,Yoga Studio,4bf58dd8d48988d175941735,4
4f452cd44b9081a197eba860,Hockey Field,4f4528bc4b90abdf24c9de85,3
56aa371be4b08b9a8d57352c,Hockey Rink,4f4528bc4b90abdf24c9de85,3
5032829591d4c4b30a586d5e,Paintball Field,4f4528bc4b90abdf24c9de85,3
52e81612bcbc57f1066b7a2c,Rugby Pitch,4f4528bc4b90abdf24c9de85,3
4bf58dd8d48988d167941735,Skate Park,4f4528bc4b90abdf24c9de85,3
4bf58dd8d48988d168941735,Skating Rink,4f4528bc4b90abdf24c9de85,3
4cce455aebf7b749d5e191f5,Soccer Field,4f4528bc4b90abdf24c9de85,3
52e81612bcbc57f1066b7a2e,Sports Club,4f4528bc4b90abdf24c9de85,3
52e81612bcbc57f1066b7a2d,Squash Court,4f4528bc4b90abdf24c9de85,3
4e39a956bd410d7aed40cbc3,Tennis Court,4f4528bc4b90abdf24c9de85,3
4eb1bf013b7b6f98df247e07,Volleyball Court,4f4528bc4b90abdf24c9de85,3
52e81612bcbc57f1066b7a27,Bath House,4d4b7105d754a06377d81259,2
52e81612bcbc57f1066b7a28,Bathing Area,4d4b7105d754a06377d81259,2
56aa371be4b08b9a8d573544,Bay,4d4b7105d754a06377d81259,2
4bf58dd8d48988d1e2941735,Beach,4d4b7105d754a06377d81259,2
52e81612bcbc57f1066b7a30,Nudist Beach,4bf58dd8d48988d1e2941735,3
4bf58dd8d48988d1e3941735,Surf Spot,4bf58dd8d48988d1e2941735,3
56aa371be4b08b9a8d57355e,Bike Trail,4d4b7105d754a06377d81259,2
52e81612bcbc57f1066b7a22,Botanical Garden,4d4b7105d754a06377d81259,2
4bf58dd8d48988d1df941735,Bridge,4d4b7105d754a06377d81259,2
4bf58dd8d48988d1e4941735,Campground,4d4b7105d754a06377d81259,2
56aa371be4b08b9a8d57353b,Canal Lock,4d4b7105d754a06377d81259,2
56aa371be4b08b9a8d573562,Canal,4d4b7105d754a06377d81259,2
50aaa49e4b90af0d42d5de11,Castle,4d4b7105d754a06377d81259,2
56aa371be4b08b9a8d573511,Cave,4d4b7105d754a06377d81259,2
4bf58dd8d48988d15c941735,Cemetery,4d4b7105d754a06377d81259,2
52e81612bcbc57f1066b7a12,Dive Spot,4d4b7105d754a06377d81259,2
4bf58dd8d48988d1e5941735,Dog Run,4d4b7105d754a06377d81259,2
4bf58dd8d48988d15b941735,Farm,4d4b7105d754a06377d81259,2
4bf58dd8d48988d15f941735,Field,4d4b7105d754a06377d81259,2
52e81612bcbc57f1066b7a0f,Fishing Spot,4d4b7105d754a06377d81259,2
52e81612bcbc57f1066b7a23,Forest,4d4b7105d754a06377d81259,2
56aa371be4b08b9a8d573547,Fountain,4d4b7105d754a06377d81259,2
4bf58dd8d48988d15a941735,Garden,4d4b7105d754a06377d81259,2
52e81612bcbc57f1066b7a11,Gun Range,4d4b7105d754a06377d81259,2
4bf58dd8d48988d1e0941735,Harbor / Marina,4d4b7105d754a06377d81259,2
4bf58dd8d48988d160941735,Hot Spring,4d4b7105d754a06377d81259,2
50aaa4314b90af0d42d5de10,Island,4d4b7105d754a06377d81259,2
4bf58dd8d48988d161941735,Lake,4d4b7105d754a06377d81259,2
4bf58dd8d48988d15d941735,Lighthouse,4d4b7105d754a06377d81259,2
4eb1d4d54b900d56c88a45fc,Mountain,4d4b7105d754a06377d81259,2
52e81612bcbc57f1066b7a21,National Park,4d4b7105d754a06377d81259,2
52e81612bcbc57f1066b7a13,Nature Preserve,4d4b7105d754a06377d81259,2
4bf58dd8d48988d162941735,Other Great Outdoors,4d4b7105d754a06377d81259,2
52e81612bcbc57f1066b7a14,Palace,4d4b7105d754a06377d81259,2
4bf58dd8d48988d163941735,Park,4d4b7105d754a06377d81259,2
52e81612bcbc57f1066b7a25,Pedestrian Plaza,4d4b7105d754a06377d81259,2
4bf58dd8d48988d1e7941735,Playground,4d4b7105d754a06377d81259,2
4bf58dd8d48988d164941735,Plaza,4d4b7105d754a06377d81259,2
4bf58dd8d48988d15e941735,Pool,4d4b7105d754a06377d81259,2
52e81612bcbc57f1066b7a29,Rafting,4d4b7105d754a06377d81259,2
52e81612bcbc57f1066b7a26,Recreation Center,4d4b7105d754a06377d81259,2
56aa371be4b08b9a8d573541,Reservoir,4d4b7105d754a06377d81259,2
4eb1d4dd4b900d56c88a45fd,River,4d4b7105d754a06377d81259,2
50328a4b91d4c4b30a586d6b,Rock Climbing Spot,4d4b7105d754a06377d81259,2
4bf58dd8d48988d165941735,Scenic Lookout,4d4b7105d754a06377d81259,2
4bf58dd8d48988d166941735,Sculpture Garden,4d4b7105d754a06377d81259,2
4bf58dd8d48988d1e9941735,Ski Area,4d4b7105d754a06377d81259,2
4bf58dd8d48988d1ea941735,Apres Ski Bar,4bf58dd8d48988d1e9941735,3
4eb1c0ed3b7b52c0e1adc2ea,Ski Chairlift,4bf58dd8d48988d1e9941735,3
4bf58dd8d48988d1ec941735,Ski Chalet,4bf58dd8d48988d1e9941735,3
4bf58dd8d48988d1eb941735,Ski Lodge,4bf58dd8d48988d1e9941735,3
4eb1c0f63b7b52c0e1adc2eb,Ski Trail,4bf58dd8d48988d1e9941735,3
4eb1baf03b7b2c5b1d4306ca,Stables,4d4b7105d754a06377d81259,2
530e33ccbcbc57f1066bbfe4,States and Municipalities,4d4b7105d754a06377d81259,2
50aa9e094b90af0d42d5de0d,City,530e33ccbcbc57f1066bbfe4,3
5345731ebcbc57f1066c39b2,County,530e33ccbcbc57f1066bbfe4,3
530e33ccbcbc57f1066bbff7,Country,530e33ccbcbc57f1066bbfe4,3
4f2a25ac4b909258e854f55f,Neighborhood,530e33ccbcbc57f1066bbfe4,3
530e33ccbcbc57f1066bbff8,State,530e33ccbcbc57f1066bbfe4,3
530e33ccbcbc57f1066bbff3,Town,530e33ccbcbc57f1066bbfe4,3
530e33ccbcbc57f1066bbff9,Village,530e33ccbcbc57f1066bbfe4,3
52e81612bcbc57f1066b7a10,Summer Camp,4d4b7105d754a06377d81259,2
4bf58dd8d48988d159941735,Trail,4d4b7105d754a06377d81259,2
52e81612bcbc57f1066b7a24,Tree,4d4b7105d754a06377d81259,2
4bf58dd8d48988d1de941735,Vineyard,4d4b7105d754a06377d81259,2
5032848691d4c4b30a586d61,Volcano,4d4b7105d754a06377d81259,2
56aa371be4b08b9a8d573560,Waterfall,4d4b7105d754a06377d81259,2
56aa371be4b08b9a8d5734c3,Waterfront,4d4b7105d754a06377d81259,2
4fbc1be21983fc883593e321,Well,4d4b7105d754a06377d81259,2
4d4b7105d754a06375d81259,Professional and Other Places,,1
4e52d2d203646f7c19daa8ae,Animal Shelter,4d4b7105d754a06375d81259,2
4bf58dd8d48988d173941735,Auditorium,4d4b7105d754a06375d81259,2
56aa371be4b08b9a8d5734cf,Ballroom,4d4b7105d754a06375d81259,2
4bf58dd8d48988d130941735,Building,4d4b7105d754a06375d81259,2
56aa371be4b08b9a8d573517,Business Center,4d4b7105d754a06375d81259,2
52e81612bcbc57f1066b7a35,Club House,4d4b7105d754a06375d81259,2
52e81612bcbc57f1066b7a34,Community Center,4d4b7105d754a06375d81259,2
4bf58dd8d48988d1ff931735,Convention Center,4d4b7105d754a06375d81259,2
4bf58dd8d48988d100941735,Meeting Room,4bf58dd8d48988d1ff931735,3
52e81612bcbc57f1066b7a32,Cultural Center,4d4b7105d754a06375d81259,2
4e0e22f5a56208c4ea9a85a0,Distillery,4d4b7105d754a06375d81259,2
52e81612bcbc57f1066b7a37,Distribution Center,4d4b7105d754a06375d81259,2
4bf58dd8d48988d171941735,Event Space,4d4b7105d754a06375d81259,2
56aa371be4b08b9a8d57356a,Outdoor Event Space,4bf58dd8d48988d171941735,3
4eb1bea83b7b6f98df247e06,Factory,4d4b7105d754a06375d81259,2
4eb1daf44b900d56c88a4600,Fair,4d4b7105d754a06375d81259,2
4f4534884b9074f6e4fb0174,Funeral Home,4d4b7105d754a06375d81259,2
4bf58dd8d48988d126941735,Government Building,4d4b7105d754a06375d81259,2
4bf58dd8d48988d12a941735,Capitol Building,4bf58dd8d48988d126941735,3
4bf58dd8d48988d129941735,City Hall,4bf58dd8d48988d126941735,3
4bf58dd8d48988d12b941735,Courthouse,4bf58dd8d48988d126941735,3
4bf58dd8d48988d12c951735,Embassy / Consulate,4bf58dd8d48988d126941735,3
4bf58dd8d48988d12c941735,Fire Station,4bf58dd8d48988d126941735,3
4bf58dd8d48988d12d941735,Monument / Landmark,4bf58dd8d48988d126941735,3
4bf58dd8d48988d12e941735,Police Station,4bf58dd8d48988d126941735,3
52e81612bcbc57f1066b7a38,Town Hall,4bf58dd8d48988d126941735,3
56aa371be4b08b9a8d5734d7,Industrial Estate,4d4b7105d754a06375d81259,2
4bf58dd8d48988d12f941735,Library,4d4b7105d754a06375d81259,2
4bf58dd8d48988d104941735,Medical Center,4d4b7105d754a06375d81259,2
52e81612bcbc57f1066b7a3b,Acupuncturist,4bf58dd8d48988d104941735,3
52e81612bcbc57f1066b7a3c,Alternative Healer,4bf58dd8d48988d104941735,3
52e81612bcbc57f1066b7a3a,Chiropractor,4bf58dd8d48988d104941735,3
4bf58dd8d48988d178941735,Dentist's Office,4bf58dd8d48988d104941735,3
4bf58dd8d48988d177941735,Doctor's Office,4bf58dd8d48988d104941735,3
4bf58dd8d48988d194941735,Emergency Room,4bf58dd8d48988d104941735,3
522e32fae4b09b556e370f19,Eye Doctor,4bf58dd8d48988d104941735,3
4bf58dd8d48988d196941735,Hospital,4bf58dd8d48988d104941735,3
4f4531b14b9074f6e4fb0103,Laboratory,4bf58dd8d48988d104941735,3
56aa371be4b08b9a8d5734ff,Maternity Clinic,4bf58dd8d48988d104941735,3
52e81612bcbc57f1066b7a39,Mental Health Office,4bf58dd8d48988d104941735,3
56aa371be4b08b9a8d57351d,Rehab Center,4bf58dd8d48988d104941735,3
56aa371be4b08b9a8d573526,Urgent Care Center,4bf58dd8d48988d104941735,3
4d954af4a243a5684765b473,Veterinarian,4bf58dd8d48988d104941735,3
4e52adeebd41615f56317744,Military Base,4d4b7105d754a06375d81259,2
50328a8e91d4c4b30a586d6c,Non-Profit,4d4b7105d754a06375d81259,2
4bf58dd8d48988d124941735,Office,4d4b7105d754a06375d81259,2
52e81612bcbc57f1066b7a3d,Advertising Agency,4bf58dd8d48988d124941735,3
5032764e91d4c4b30a586d5a,Campaign Office,4bf58dd8d48988d124941735,3
4bf58dd8d48988d127941735,Conference Room,4bf58dd8d48988d124941735,3
5665ef1d498ec706735f0e59,Corporate Amenity,4bf58dd8d48988d124941735,3
54f4ba06498e2cf5561da814,Corporate Cafeteria,4bf58dd8d48988d124941735,3
5665c7b9498e7d8a4f2c0f06,Corporate Coffee Shop,4bf58dd8d48988d124941735,3
4bf58dd8d48988d174941735,Coworking Space,4bf58dd8d48988d124941735,3
4bf58dd8d48988d125941735,Tech Startup,4bf58dd8d48988d124941735,3
4c38df4de52ce0d596b336e1,Parking,4d4b7105d754a06375d81259,2
4bf58dd8d48988d172941735,Post Office,4d4b7105d754a06375d81259,2
5310b8e5bcbc57f1066bcbf1,Prison,4d4b7105d754a06375d81259,2
5032856091d4c4b30a586d63,Radio Station,4d4b7105d754a06375d81259,2
52f2ab2ebcbc57f1066b8b57,Recruiting Agency,4d4b7105d754a06375d81259,2
4bf58dd8d48988d13b941735,School,4d4b7105d754a06375d81259,2
56aa371ce4b08b9a8d573570,Adult Education Center,4bf58dd8d48988d13b941735,3
52e81612bcbc57f1066b7a43,Circus School,4bf58dd8d48988d13b941735,3
52e81612bcbc57f1066b7a42,Driving School,4bf58dd8d48988d13b941735,3
4f4533804b9074f6e4fb0105,Elementary School,4bf58dd8d48988d13b941735,3
52e81612bcbc57f1066b7a49,Flight School,4bf58dd8d48988d13b941735,3
4bf58dd8d48988d13d941735,High School,4bf58dd8d48988d13b941735,3
52e81612bcbc57f1066b7a48,Language School,4bf58dd8d48988d13b941735,3
4f4533814b9074f6e4fb0106,Middle School,4bf58dd8d48988d13b941735,3
4f04b10d2fb6e1c99f3db0be,Music School,4bf58dd8d48988d13b941735,3
4f4533814b9074f6e4fb0107,Nursery School,4bf58dd8d48988d13b941735,3
52e81612bcbc57f1066b7a45,Preschool,4bf58dd8d48988d13b941735,3
52e81612bcbc57f1066b7a46,Private School,4bf58dd8d48988d13b941735,3
52e81612bcbc57f1066b7a47,Religious School,4bf58dd8d48988d13b941735,3
52e81612bcbc57f1066b7a44,Swim School,4bf58dd8d48988d13b941735,3
52e81612bcbc57f1066b7a33,Social Club,4d4b7105d754a06375d81259,2
4bf58dd8d48988d131941735,Spiritual Center,4d4b7105d754a06375d81259,2
52e81612bcbc57f1066b7a3e,Buddhist Temple,4bf58dd8d48988d131941735,3
4bf58dd8d48988d132941735,Church,4bf58dd8d48988d131941735,3
56aa371be4b08b9a8d5734fc,Confucian Temple,4bf58dd8d48988d131941735,3
52e81612bcbc57f1066b7a3f,Hindu Temple,4bf58dd8d48988d131941735,3
52e81612bcbc57f1066b7a40,Monastery,4bf58dd8d48988d131941735,3
4bf58dd8d48988d138941735,Mosque,4bf58dd8d48988d131941735,3
52e81612bcbc57f1066b7a41,Prayer Room,4bf58dd8d48988d131941735,3
4eb1d80a4b900d56c88a45ff,Shrine,4bf58dd8d48988d131941735,3
4bf58dd8d48988d139941735,Synagogue,4bf58dd8d48988d131941735,3
4bf58dd8d48988d13a941735,Temple,4bf58dd8d48988d131941735,3
56aa371be4b08b9a8d5734f6,Terreiro,4bf58dd8d48988d131941735,3
52e81612bcbc57f1066b7a31,TV Station,4d4b7105d754a06375d81259,2
4cae28ecbf23941eb1190695,Voting Booth,4d4b7105d754a06375d81259,2
52e81612bcbc57f1066b7a36,Warehouse,4d4b7105d754a06375d81259,2
56aa371be4b08b9a8d5734c5,Wedding Hall,4d4b7105d754a06375d81259,2
4bf58dd8d48988d14b941735,Winery,4d4b7105d754a06375d81259,2
4e67e38e036454776db1fb3a,Residence,,1
5032891291d4c4b30a586d68,Assisted Living,4e67e38e036454776db1fb3a,2
4bf58dd8d48988d103941735,Home (private),4e67e38e036454776db1fb3a,2
4f2a210c4b9023bd5841ed28,Housing Development,4e67e38e036454776db1fb3a,2
4d954b06a243a5684965b473,Residential Building (Apartment / Condo),4e67e38e036454776db1fb3a,2
52f2ab2ebcbc57f1066b8b55,Trailer Park,4e67e38e036454776db1fb3a,2
4d4b7105d754a06378d81259,Shop and Service,,1
52f2ab2ebcbc57f1066b8b56,ATM,4d4b7105d754a06378d81259,2
5267e446e4b0ec79466e48c4,Adult Boutique,4d4b7105d754a06378d81259,2
4bf58dd8d48988d116951735,Antique Shop,4d4b7105d754a06378d81259,2
4bf58dd8d48988d127951735,Arts and Crafts Store,4d4b7105d754a06378d81259,2
52f2ab2ebcbc57f1066b8b43,Astrologer,4d4b7105d754a06378d81259,2
52f2ab2ebcbc57f1066b8b44,Auto Garage,4d4b7105d754a06378d81259,2
56aa371be4b08b9a8d5734d3,Auto Workshop,4d4b7105d754a06378d81259,2
4bf58dd8d48988d124951735,Automotive Shop,4d4b7105d754a06378d81259,2
52f2ab2ebcbc57f1066b8b32,Baby Store,4d4b7105d754a06378d81259,2
4bf58dd8d48988d10a951735,Bank,4d4b7105d754a06378d81259,2
56aa371be4b08b9a8d5734cb,Batik Shop,4d4b7105d754a06378d81259,2
52f2ab2ebcbc57f1066b8b40,Betting Shop,4d4b7105d754a06378d81259,2
52f2ab2ebcbc57f1066b8b42,Big Box Store,4d4b7105d754a06378d81259,2
4bf58dd8d48988d115951735,Bike Shop,4d4b7105d754a06378d81259,2
4bf58dd8d48988d1f1941735,Board Shop,4d4b7105d754a06378d81259,2
4bf58dd8d48988d114951735,Bookstore,4d4b7105d754a06378d81259,2
4bf58dd8d48988d11a951735,Bridal Shop,4d4b7105d754a06378d81259,2
5453de49498eade8af355881,Business Service,4d4b7105d754a06378d81259,2
4eb1bdf03b7b55596b4a7491,Camera Store,4d4b7105d754a06378d81259,2
4bf58dd8d48988d117951735,Candy Store,4d4b7105d754a06378d81259,2
4eb1c1623b7b52c0e1adc2ec,Car Dealership,4d4b7105d754a06378d81259,2
4f04ae1f2fb6e1c99f3db0ba,Car Wash,4d4b7105d754a06378d81259,2
52f2ab2ebcbc57f1066b8b2a,Carpet Store,4d4b7105d754a06378d81259,2
52f2ab2ebcbc57f1066b8b2d,Check Cashing Service,4d4b7105d754a06378d81259,2
52f2ab2ebcbc57f1066b8b31,Chocolate Shop,4d4b7105d754a06378d81259,2
4bf58dd8d48988d103951735,Clothing Store,4d4b7105d754a06378d81259,2
4bf58dd8d48988d102951735,Accessories Store,4bf58dd8d48988d103951735,3
4bf58dd8d48988d104951735,Boutique,4bf58dd8d48988d103951735,3
4bf58dd8d48988d105951735,Kids Store,4bf58dd8d48988d103951735,3
4bf58dd8d48988d109951735,Lingerie Store,4bf58dd8d48988d103951735,3
4bf58dd8d48988d106951735,Men's Store,4bf58dd8d48988d103951735,3
4bf58dd8d48988d107951735,Shoe Store,4bf58dd8d48988d103951735,3
4bf58dd8d48988d108951735,Women's Store,4bf58dd8d48988d103951735,3
52f2ab2ebcbc57f1066b8b18,Comic Shop,4d4b7105d754a06378d81259,2
5454144b498ec1f095bff2f2,Construction and Landscaping,4d4b7105d754a06378d81259,2
4d954b0ea243a5684a65b473,Convenience Store,4d4b7105d754a06378d81259,2
4bf58dd8d48988d10c951735,Cosmetics Shop,4d4b7105d754a06378d81259,2
52f2ab2ebcbc57f1066b8b17,Costume Shop,4d4b7105d754a06378d81259,2
5032850891d4c4b30a586d62,Credit Union,4d4b7105d754a06378d81259,2
4f4532974b9074f6e4fb0104,Daycare,4d4b7105d754a06378d81259,2
4bf58dd8d48988d1f6941735,Department Store,4d4b7105d754a06378d81259,2
4bf58dd8d48988d1f4941735,Design Studio,4d4b7105d754a06378d81259,2
52dea92d3cf9994f4e043dbb,Discount Store,4d4b7105d754a06378d81259,2
52f2ab2ebcbc57f1066b8b1a,Dive Shop,4d4b7105d754a06378d81259,2
4bf58dd8d48988d10f951735,Drugstore / Pharmacy,4d4b7105d754a06378d81259,2
52f2ab2ebcbc57f1066b8b1d,Dry Cleaner,4d4b7105d754a06378d81259,2
5032872391d4c4b30a586d64,EV Charging Station,4d4b7105d754a06378d81259,2
4bf58dd8d48988d122951735,Electronics Store,4d4b7105d754a06378d81259,2
56aa371be4b08b9a8d573554,Entertainment Service,4d4b7105d754a06378d81259,2
5454152e498ef71e2b9132c6,Event Service,4d4b7105d754a06378d81259,2
52f2ab2ebcbc57f1066b8b26,Fabric Shop,4d4b7105d754a06378d81259,2
56aa371be4b08b9a8d573523,Film Studio,4d4b7105d754a06378d81259,2
503287a291d4c4b30a586d65,Financial or Legal Service,4d4b7105d754a06378d81259,2
52f2ab2ebcbc57f1066b8b3a,Fireworks Store,4d4b7105d754a06378d81259,2
52f2ab2ebcbc57f1066b8b16,Fishing Store,4d4b7105d754a06378d81259,2
4bf58dd8d48988d1f7941735,Flea Market,4d4b7105d754a06378d81259,2
56aa371be4b08b9a8d573505,Floating Market,4d4b7105d754a06378d81259,2
4bf58dd8d48988d11b951735,Flower Shop,4d4b7105d754a06378d81259,2
4bf58dd8d48988d1f9941735,Food and Drink Shop,4d4b7105d754a06378d81259,2
5370f356bcbc57f1066c94c2,Beer Store,4bf58dd8d48988d1f9941735,3
4bf58dd8d48988d11d951735,Butcher,4bf58dd8d48988d1f9941735,3
4bf58dd8d48988d11e951735,Cheese Shop,4bf58dd8d48988d1f9941735,3
4bf58dd8d48988d1fa941735,Farmers Market,4bf58dd8d48988d1f9941735,3
4bf58dd8d48988d10e951735,Fish Market,4bf58dd8d48988d1f9941735,3
56aa371be4b08b9a8d573550,Food Service,4bf58dd8d48988d1f9941735,3
4bf58dd8d48988d1f5941735,Gourmet Shop,4bf58dd8d48988d1f9941735,3
4bf58dd8d48988d118951735,Grocery Store,4bf58dd8d48988d1f9941735,3
50aa9e744b90af0d42d5de0e,Health Food Store,4bf58dd8d48988d1f9941735,3
4bf58dd8d48988d186941735,Liquor Store,4bf58dd8d48988d1f9941735,3
52f2ab2ebcbc57f1066b8b45,Organic Grocery,4bf58dd8d48988d1f9941735,3
56aa371be4b08b9a8d573564,Sausage Shop,4bf58dd8d48988d1f9941735,3
53e0feef498e5aac066fd8a9,Street Food Gathering,4bf58dd8d48988d1f9941735,3
52f2ab2ebcbc57f1066b8b46,Supermarket,4bf58dd8d48988d1f9941735,3
4bf58dd8d48988d119951735,Wine Shop,4bf58dd8d48988d1f9941735,3
52f2ab2ebcbc57f1066b8b24,Frame Store,4d4b7105d754a06378d81259,2
52f2ab2ebcbc57f1066b8b1c,Fruit and Vegetable Store,4d4b7105d754a06378d81259,2
4bf58dd8d48988d1f8941735,Furniture / Home Store,4d4b7105d754a06378d81259,2
55888a5a498e782e3303b43a,Lighting Store,4bf58dd8d48988d1f8941735,3
4bf58dd8d48988d18d941735,Gaming Cafe,4d4b7105d754a06378d81259,2
4eb1c0253b7b52c0e1adc2e9,Garden Center,4d4b7105d754a06378d81259,2
4bf58dd8d48988d113951735,Gas Station,4d4b7105d754a06378d81259,2
4bf58dd8d48988d128951735,Gift Shop,4d4b7105d754a06378d81259,2
52f2ab2ebcbc57f1066b8b19,Gun Shop,4d4b7105d754a06378d81259,2
4bf58dd8d48988d112951735,Hardware Store,4d4b7105d754a06378d81259,2
54541900498ea6ccd0202697,Health and Beauty Service,4d4b7105d754a06378d81259,2
52f2ab2ebcbc57f1066b8b2c,Herbs and Spices Store,4d4b7105d754a06378d81259,2
4bf58dd8d48988d1fb941735,Hobby Shop,4d4b7105d754a06378d81259,2
545419b1498ea6ccd0202f58,Home Service,4d4b7105d754a06378d81259,2
50aaa5234b90af0d42d5de12,Hunting Supply,4d4b7105d754a06378d81259,2
52f2ab2ebcbc57f1066b8b36,IT Services,4d4b7105d754a06378d81259,2
4bf58dd8d48988d1f0941735,Internet Cafe,4d4b7105d754a06378d81259,2
4bf58dd8d48988d111951735,Jewelry Store,4d4b7105d754a06378d81259,2
52f2ab2ebcbc57f1066b8b25,Knitting Store,4d4b7105d754a06378d81259,2
52f2ab2ebcbc57f1066b8b33,Laundromat,4d4b7105d754a06378d81259,2
4bf58dd8d48988d1fc941735,Laundry Service,4d4b7105d754a06378d81259,2
52f2ab2ebcbc57f1066b8b3f,Lawyer,4d4b7105d754a06378d81259,2
52f2ab2ebcbc57f1066b8b2b,Leather Goods Store,4d4b7105d754a06378d81259,2
52f2ab2ebcbc57f1066b8b1e,Locksmith,4d4b7105d754a06378d81259,2
52f2ab2ebcbc57f1066b8b38,Lottery Retailer,4d4b7105d754a06378d81259,2
52f2ab2ebcbc57f1066b8b29,Luggage Store,4d4b7105d754a06378d81259,2
52c71aaf3cf9994f4e043d17,Marijuana Dispensary,4d4b7105d754a06378d81259,2
50be8ee891d4fa8dcc7199a7,Market,4d4b7105d754a06378d81259,2
52f2ab2ebcbc57f1066b8b3c,Massage Studio,4d4b7105d754a06378d81259,2
52f2ab2ebcbc57f1066b8b27,Mattress Store,4d4b7105d754a06378d81259,2
4bf58dd8d48988d1ff941735,Miscellaneous Shop,4d4b7105d754a06378d81259,2
4f04afc02fb6e1c99f3db0bc,Mobile Phone Shop,4d4b7105d754a06378d81259,2
56aa371be4b08b9a8d57354a,Mobility Store,4d4b7105d754a06378d81259,2
5032833091d4c4b30a586d60,Motorcycle Shop,4d4b7105d754a06378d81259,2
4bf58dd8d48988d1fe941735,Music Store,4d4b7105d754a06378d81259,2
4f04aa0c2fb6e1c99f3db0b8,Nail Salon,4d4b7105d754a06378d81259,2
4f04ad622fb6e1c99f3db0b9,Newsstand,4d4b7105d754a06378d81259,2
4d954afda243a5684865b473,Optical Shop,4d4b7105d754a06378d81259,2
52f2ab2ebcbc57f1066b8b2f,Other Repair Shop,4d4b7105d754a06378d81259,2
52f2ab2ebcbc57f1066b8b22,Outdoor Supply Store,4d4b7105d754a06378d81259,2
52f2ab2ebcbc57f1066b8b35,Outlet Store,4d4b7105d754a06378d81259,2
4bf58dd8d48988d121951735,Paper / Office Supplies Store,4d4b7105d754a06378d81259,2
52f2ab2ebcbc57f1066b8b34,Pawn Shop,4d4b7105d754a06378d81259,2
52f2ab2ebcbc57f1066b8b23,Perfume Shop,4d4b7105d754a06378d81259,2
5032897c91d4c4b30a586d69,Pet Service,4d4b7105d754a06378d81259,2
4bf58dd8d48988d100951735,Pet Store,4d4b7105d754a06378d81259,2
4eb1bdde3b7b55596b4a7490,Photography Lab,4d4b7105d754a06378d81259,2
554a5e17498efabeda6cc559,Photography Studio,4d4b7105d754a06378d81259,2
52f2ab2ebcbc57f1066b8b20,Piercing Parlor,4d4b7105d754a06378d81259,2
52f2ab2ebcbc57f1066b8b3d,Pop-Up Shop,4d4b7105d754a06378d81259,2
52f2ab2ebcbc57f1066b8b28,Print Shop,4d4b7105d754a06378d81259,2
5032885091d4c4b30a586d66,Real Estate Office,4d4b7105d754a06378d81259,2
4bf58dd8d48988d10d951735,Record Shop,4d4b7105d754a06378d81259,2
52f2ab2ebcbc57f1066b8b37,Recording Studio,4d4b7105d754a06378d81259,2
4f4531084b9074f6e4fb0101,Recycling Facility,4d4b7105d754a06378d81259,2
56aa371be4b08b9a8d573552,Rental Service,4d4b7105d754a06378d81259,2
4bf58dd8d48988d110951735,Salon / Barbershop,4d4b7105d754a06378d81259,2
52f2ab2ebcbc57f1066b8b1f,Shipping Store,4d4b7105d754a06378d81259,2
52f2ab2ebcbc57f1066b8b39,Shoe Repair,4d4b7105d754a06378d81259,2
4bf58dd8d48988d1fd941735,Shopping Mall,4d4b7105d754a06378d81259,2
56aa371be4b08b9a8d573566,Ski Shop,4d4b7105d754a06378d81259,2
4bf58dd8d48988d123951735,Smoke Shop,4d4b7105d754a06378d81259,2
52f2ab2ebcbc57f1066b8b41,Smoothie Shop,4d4b7105d754a06378d81259,2
52f2ab2ebcbc57f1066b8b1b,Souvenir Shop,4d4b7105d754a06378d81259,2
4bf58dd8d48988d1ed941735,Spa,4d4b7105d754a06378d81259,2
4bf58dd8d48988d1f2941735,Sporting Goods Shop,4d4b7105d754a06378d81259,2
52f2ab2ebcbc57f1066b8b21,Stationery Store,4d4b7105d754a06378d81259,2
4f04b1572fb6e1c99f3db0bf,Storage Facility,4d4b7105d754a06378d81259,2
5032781d91d4c4b30a586d5b,Tailor Shop,4d4b7105d754a06378d81259,2
4d1cf8421a97d635ce361c31,Tanning Salon,4d4b7105d754a06378d81259,2
4bf58dd8d48988d1de931735,Tattoo Parlor,4d4b7105d754a06378d81259,2
4bf58dd8d48988d101951735,Thrift / Vintage Store,4d4b7105d754a06378d81259,2
4bf58dd8d48988d1f3941735,Toy / Game Store,4d4b7105d754a06378d81259,2
4f04b08c2fb6e1c99f3db0bd,Travel Agency,4d4b7105d754a06378d81259,2
52f2ab2ebcbc57f1066b8b30,Used Bookstore,4d4b7105d754a06378d81259,2
56aa371be4b08b9a8d57355c,Vape Store,4d4b7105d754a06378d81259,2
4bf58dd8d48988d10b951735,Video Game Store,4d4b7105d754a06378d81259,2
4bf58dd8d48988d126951735,Video Store,4d4b7105d754a06378d81259,2
52e816a6bcbc57f1066b7a54,Warehouse Store,4d4b7105d754a06378d81259,2
52f2ab2ebcbc57f1066b8b2e,Watch Shop,4d4b7105d754a06378d81259,2
4d4b7105d754a06379d81259,Travel and Transport,,1
4bf58dd8d48988d1ed931735,Airport,4d4b7105d754a06379d81259,2
4bf58dd8d48988d1ef931735,Airport Food Court,4bf58dd8d48988d1ed931735,3
4bf58dd8d48988d1f0931735,Airport Gate,4bf58dd8d48988d1ed931735,3
4eb1bc533b7b2c5b1d4306cb,Airport Lounge,4bf58dd8d48988d1ed931735,3
56aa371be4b08b9a8d57352f,Airport Service,4bf58dd8d48988d1ed931735,3
4bf58dd8d48988d1eb931735,Airport Terminal,4bf58dd8d48988d1ed931735,3
4bf58dd8d48988d1ec931735,Airport Tram,4bf58dd8d48988d1ed931735,3
4bf58dd8d48988d1f7931735,Plane,4bf58dd8d48988d1ed931735,3
4e4c9077bd41f78e849722f9,Bike Rental / Bike Share,4d4b7105d754a06379d81259,2
4bf58dd8d48988d12d951735,Boat or Ferry,4d4b7105d754a06379d81259,2
52f2ab2ebcbc57f1066b8b4b,Border Crossing,4d4b7105d754a06379d81259,2
4bf58dd8d48988d1fe931735,Bus Station,4d4b7105d754a06379d81259,2
4bf58dd8d48988d12b951735,Bus Line,4bf58dd8d48988d1fe931735,3
52f2ab2ebcbc57f1066b8b4f,Bus Stop,4d4b7105d754a06379d81259,2
52f2ab2ebcbc57f1066b8b50,Cable Car,4d4b7105d754a06379d81259,2
55077a22498e5e9248869ba2,Cruise,4d4b7105d754a06379d81259,2
4bf58dd8d48988d1f6931735,General Travel,4d4b7105d754a06379d81259,2
56aa371ce4b08b9a8d57356e,Heliport,4d4b7105d754a06379d81259,2
4bf58dd8d48988d1fa931735,Hotel,4d4b7105d754a06379d81259,2
4bf58dd8d48988d1f8931735,Bed and Breakfast,4bf58dd8d48988d1fa931735,3
4f4530a74b9074f6e4fb0100,Boarding House,4bf58dd8d48988d1fa931735,3
4bf58dd8d48988d1ee931735,Hostel,4bf58dd8d48988d1fa931735,3
4bf58dd8d48988d132951735,Hotel Pool,4bf58dd8d48988d1fa931735,3
4bf58dd8d48988d1fb931735,Motel,4bf58dd8d48988d1fa931735,3
4bf58dd8d48988d12f951735,Resort,4bf58dd8d48988d1fa931735,3
4bf58dd8d48988d133951735,Roof Deck,4bf58dd8d48988d1fa931735,3
56aa371be4b08b9a8d5734e1,Vacation Rental,4bf58dd8d48988d1fa931735,3
52f2ab2ebcbc57f1066b8b4c,Intersection,4d4b7105d754a06379d81259,2
4bf58dd8d48988d1fc931735,Light Rail Station,4d4b7105d754a06379d81259,2
4bf58dd8d48988d1fd931735,Metro Station,4d4b7105d754a06379d81259,2
4f2a23984b9023bd5841ed2c,Moving Target,4d4b7105d754a06379d81259,2
4e74f6cabd41c4836eac4c31,Pier,4d4b7105d754a06379d81259,2
56aa371be4b08b9a8d57353e,Port,4d4b7105d754a06379d81259,2
52f2ab2ebcbc57f1066b8b53,RV Park,4d4b7105d754a06379d81259,2
4bf58dd8d48988d1ef941735,Rental Car Location,4d4b7105d754a06379d81259,2
4d954b16a243a5684b65b473,Rest Area,4d4b7105d754a06379d81259,2
4bf58dd8d48988d1f9931735,Road,4d4b7105d754a06379d81259,2
52f2ab2ebcbc57f1066b8b52,Street,4d4b7105d754a06379d81259,2
53fca564498e1a175f32528b,Taxi Stand,4d4b7105d754a06379d81259,2
4bf58dd8d48988d130951735,Taxi,4d4b7105d754a06379d81259,2
52f2ab2ebcbc57f1066b8b4d,Toll Booth,4d4b7105d754a06379d81259,2
52f2ab2ebcbc57f1066b8b4e,Toll Plaza,4d4b7105d754a06379d81259,2
4f4530164b9074f6e4fb00ff,Tourist Information Center,4d4b7105d754a06379d81259,2
4bf58dd8d48988d129951735,Train Station,4d4b7105d754a06379d81259,2
4f4531504b9074f6e4fb0102,Platform,4bf58dd8d48988d129951735,3
4bf58dd8d48988d12a951735,Train,4bf58dd8d48988d129951735,3
52f2ab2ebcbc57f1066b8b51,Tram Station,4d4b7105d754a06379d81259,2
54541b70498ea6ccd0204bff,Transportation Service,4d4b7105d754a06379d81259,2
4f04b25d2fb6e1c99f3db0c0,Travel Lounge,4d4b7105d754a06379d81259,2
52f2ab2ebcbc57f1066b8b4a,Tunnel,4d4b7105d754a06379d81259,2
